<annotation>
	<folder>plates</folder>
	<filename>100.jpeg</filename>
	<path>/Users/gouda/Documents/plates/100.jpeg</path>
	<source>
		<database>Unknown</database>
	</source>
	<size>
		<width>1536</width>
		<height>2048</height>
		<depth>3</depth>
	</size>
	<segmented>0</segmented>
	<object>
		<name>plate</name>
		<pose>Unspecified</pose>
		<truncated>0</truncated>
		<difficult>0</difficult>
		<bndbox>
			<xmin>879</xmin>
			<ymin>1094</ymin>
			<xmax>1120</xmax>
			<ymax>1194</ymax>
		</bndbox>
	</object>
</annotation>
