<annotation>
	<folder>plates</folder>
	<filename>13.jpeg</filename>
	<path>/Users/gouda/Documents/plates/13.jpeg</path>
	<source>
		<database>Unknown</database>
	</source>
	<size>
		<width>1616</width>
		<height>1331</height>
		<depth>3</depth>
	</size>
	<segmented>0</segmented>
	<object>
		<name>plate</name>
		<pose>Unspecified</pose>
		<truncated>0</truncated>
		<difficult>0</difficult>
		<bndbox>
			<xmin>561</xmin>
			<ymin>1046</ymin>
			<xmax>761</xmax>
			<ymax>1102</ymax>
		</bndbox>
	</object>
</annotation>
