<annotation>
	<folder>plates</folder>
	<filename>14.jpeg</filename>
	<path>/Users/gouda/Documents/plates/14.jpeg</path>
	<source>
		<database>Unknown</database>
	</source>
	<size>
		<width>1371</width>
		<height>1817</height>
		<depth>3</depth>
	</size>
	<segmented>0</segmented>
	<object>
		<name>plate</name>
		<pose>Unspecified</pose>
		<truncated>0</truncated>
		<difficult>0</difficult>
		<bndbox>
			<xmin>687</xmin>
			<ymin>1280</ymin>
			<xmax>895</xmax>
			<ymax>1322</ymax>
		</bndbox>
	</object>
	<object>
		<name>plate</name>
		<pose>Unspecified</pose>
		<truncated>0</truncated>
		<difficult>0</difficult>
		<bndbox>
			<xmin>214</xmin>
			<ymin>1070</ymin>
			<xmax>287</xmax>
			<ymax>1095</ymax>
		</bndbox>
	</object>
</annotation>
