<annotation>
	<folder>plates</folder>
	<filename>15.jpeg</filename>
	<path>/Users/gouda/Documents/plates/15.jpeg</path>
	<source>
		<database>Unknown</database>
	</source>
	<size>
		<width>2048</width>
		<height>1536</height>
		<depth>3</depth>
	</size>
	<segmented>0</segmented>
	<object>
		<name>plate</name>
		<pose>Unspecified</pose>
		<truncated>0</truncated>
		<difficult>0</difficult>
		<bndbox>
			<xmin>1083</xmin>
			<ymin>893</ymin>
			<xmax>1219</xmax>
			<ymax>930</ymax>
		</bndbox>
	</object>
</annotation>
