<annotation>
	<folder>plates</folder>
	<filename>17.jpeg</filename>
	<path>/Users/gouda/Documents/plates/17.jpeg</path>
	<source>
		<database>Unknown</database>
	</source>
	<size>
		<width>1536</width>
		<height>2048</height>
		<depth>3</depth>
	</size>
	<segmented>0</segmented>
	<object>
		<name>plate</name>
		<pose>Unspecified</pose>
		<truncated>0</truncated>
		<difficult>0</difficult>
		<bndbox>
			<xmin>331</xmin>
			<ymin>800</ymin>
			<xmax>470</xmax>
			<ymax>830</ymax>
		</bndbox>
	</object>
	<object>
		<name>plate</name>
		<pose>Unspecified</pose>
		<truncated>0</truncated>
		<difficult>0</difficult>
		<bndbox>
			<xmin>1123</xmin>
			<ymin>736</ymin>
			<xmax>1243</xmax>
			<ymax>780</ymax>
		</bndbox>
	</object>
</annotation>
