<annotation>
	<folder>plates</folder>
	<filename>19.jpeg</filename>
	<path>/Users/gouda/Documents/plates/19.jpeg</path>
	<source>
		<database>Unknown</database>
	</source>
	<size>
		<width>1536</width>
		<height>2048</height>
		<depth>3</depth>
	</size>
	<segmented>0</segmented>
	<object>
		<name>plate</name>
		<pose>Unspecified</pose>
		<truncated>0</truncated>
		<difficult>0</difficult>
		<bndbox>
			<xmin>806</xmin>
			<ymin>1014</ymin>
			<xmax>931</xmax>
			<ymax>1064</ymax>
		</bndbox>
	</object>
	<object>
		<name>plate</name>
		<pose>Unspecified</pose>
		<truncated>0</truncated>
		<difficult>0</difficult>
		<bndbox>
			<xmin>1373</xmin>
			<ymin>875</ymin>
			<xmax>1493</xmax>
			<ymax>914</ymax>
		</bndbox>
	</object>
</annotation>
