<annotation>
	<folder>plates</folder>
	<filename>21.jpeg</filename>
	<path>/Users/gouda/Documents/plates/21.jpeg</path>
	<source>
		<database>Unknown</database>
	</source>
	<size>
		<width>1536</width>
		<height>2048</height>
		<depth>3</depth>
	</size>
	<segmented>0</segmented>
	<object>
		<name>plate</name>
		<pose>Unspecified</pose>
		<truncated>0</truncated>
		<difficult>0</difficult>
		<bndbox>
			<xmin>393</xmin>
			<ymin>1680</ymin>
			<xmax>1015</xmax>
			<ymax>1808</ymax>
		</bndbox>
	</object>
	<object>
		<name>plate</name>
		<pose>Unspecified</pose>
		<truncated>0</truncated>
		<difficult>0</difficult>
		<bndbox>
			<xmin>206</xmin>
			<ymin>383</ymin>
			<xmax>343</xmax>
			<ymax>430</ymax>
		</bndbox>
	</object>
</annotation>
