<annotation>
	<folder>plates</folder>
	<filename>23.jpeg</filename>
	<path>/Users/gouda/Documents/plates/23.jpeg</path>
	<source>
		<database>Unknown</database>
	</source>
	<size>
		<width>1536</width>
		<height>2048</height>
		<depth>3</depth>
	</size>
	<segmented>0</segmented>
	<object>
		<name>plate</name>
		<pose>Unspecified</pose>
		<truncated>0</truncated>
		<difficult>0</difficult>
		<bndbox>
			<xmin>1087</xmin>
			<ymin>783</ymin>
			<xmax>1170</xmax>
			<ymax>825</ymax>
		</bndbox>
	</object>
</annotation>
