<annotation>
	<folder>plates</folder>
	<filename>24.jpeg</filename>
	<path>/Users/gouda/Documents/plates/24.jpeg</path>
	<source>
		<database>Unknown</database>
	</source>
	<size>
		<width>922</width>
		<height>2048</height>
		<depth>3</depth>
	</size>
	<segmented>0</segmented>
	<object>
		<name>plate</name>
		<pose>Unspecified</pose>
		<truncated>0</truncated>
		<difficult>0</difficult>
		<bndbox>
			<xmin>383</xmin>
			<ymin>911</ymin>
			<xmax>524</xmax>
			<ymax>953</ymax>
		</bndbox>
	</object>
</annotation>
