<annotation>
	<folder>plates</folder>
	<filename>27.jpeg</filename>
	<path>/Users/gouda/Documents/plates/27.jpeg</path>
	<source>
		<database>Unknown</database>
	</source>
	<size>
		<width>720</width>
		<height>1280</height>
		<depth>3</depth>
	</size>
	<segmented>0</segmented>
	<object>
		<name>plate</name>
		<pose>Unspecified</pose>
		<truncated>0</truncated>
		<difficult>0</difficult>
		<bndbox>
			<xmin>292</xmin>
			<ymin>384</ymin>
			<xmax>420</xmax>
			<ymax>411</ymax>
		</bndbox>
	</object>
</annotation>
