<annotation>
	<folder>plates</folder>
	<filename>3.jpeg</filename>
	<path>/Users/gouda/Documents/plates/3.jpeg</path>
	<source>
		<database>Unknown</database>
	</source>
	<size>
		<width>506</width>
		<height>960</height>
		<depth>3</depth>
	</size>
	<segmented>0</segmented>
	<object>
		<name>plate</name>
		<pose>Unspecified</pose>
		<truncated>0</truncated>
		<difficult>0</difficult>
		<bndbox>
			<xmin>205</xmin>
			<ymin>498</ymin>
			<xmax>263</xmax>
			<ymax>559</ymax>
		</bndbox>
	</object>
</annotation>
