<annotation>
	<folder>plates</folder>
	<filename>36.jpeg</filename>
	<path>/Users/gouda/Documents/plates/36.jpeg</path>
	<source>
		<database>Unknown</database>
	</source>
	<size>
		<width>720</width>
		<height>1280</height>
		<depth>3</depth>
	</size>
	<segmented>0</segmented>
	<object>
		<name>plate</name>
		<pose>Unspecified</pose>
		<truncated>0</truncated>
		<difficult>0</difficult>
		<bndbox>
			<xmin>285</xmin>
			<ymin>534</ymin>
			<xmax>396</xmax>
			<ymax>577</ymax>
		</bndbox>
	</object>
	<object>
		<name>plate</name>
		<pose>Unspecified</pose>
		<truncated>0</truncated>
		<difficult>0</difficult>
		<bndbox>
			<xmin>520</xmin>
			<ymin>530</ymin>
			<xmax>580</xmax>
			<ymax>554</ymax>
		</bndbox>
	</object>
</annotation>
