<annotation>
	<folder>plates</folder>
	<filename>37.jpeg</filename>
	<path>/Users/gouda/Documents/plates/37.jpeg</path>
	<source>
		<database>Unknown</database>
	</source>
	<size>
		<width>945</width>
		<height>2048</height>
		<depth>3</depth>
	</size>
	<segmented>0</segmented>
	<object>
		<name>plate</name>
		<pose>Unspecified</pose>
		<truncated>0</truncated>
		<difficult>0</difficult>
		<bndbox>
			<xmin>363</xmin>
			<ymin>714</ymin>
			<xmax>638</xmax>
			<ymax>797</ymax>
		</bndbox>
	</object>
</annotation>
