<annotation>
	<folder>plates</folder>
	<filename>39.jpeg</filename>
	<path>/Users/gouda/Documents/plates/39.jpeg</path>
	<source>
		<database>Unknown</database>
	</source>
	<size>
		<width>960</width>
		<height>960</height>
		<depth>3</depth>
	</size>
	<segmented>0</segmented>
	<object>
		<name>plate</name>
		<pose>Unspecified</pose>
		<truncated>0</truncated>
		<difficult>0</difficult>
		<bndbox>
			<xmin>358</xmin>
			<ymin>589</ymin>
			<xmax>434</xmax>
			<ymax>607</ymax>
		</bndbox>
	</object>
</annotation>
