<annotation>
	<folder>plates</folder>
	<filename>40.jpeg</filename>
	<path>/Users/gouda/Documents/plates/40.jpeg</path>
	<source>
		<database>Unknown</database>
	</source>
	<size>
		<width>750</width>
		<height>1334</height>
		<depth>3</depth>
	</size>
	<segmented>0</segmented>
	<object>
		<name>plate</name>
		<pose>Unspecified</pose>
		<truncated>0</truncated>
		<difficult>0</difficult>
		<bndbox>
			<xmin>91</xmin>
			<ymin>543</ymin>
			<xmax>144</xmax>
			<ymax>571</ymax>
		</bndbox>
	</object>
	<object>
		<name>plate</name>
		<pose>Unspecified</pose>
		<truncated>0</truncated>
		<difficult>0</difficult>
		<bndbox>
			<xmin>343</xmin>
			<ymin>639</ymin>
			<xmax>426</xmax>
			<ymax>682</ymax>
		</bndbox>
	</object>
</annotation>
