<annotation>
	<folder>plates</folder>
	<filename>44.jpeg</filename>
	<path>/Users/gouda/Documents/plates/44.jpeg</path>
	<source>
		<database>Unknown</database>
	</source>
	<size>
		<width>533</width>
		<height>960</height>
		<depth>3</depth>
	</size>
	<segmented>0</segmented>
	<object>
		<name>plate</name>
		<pose>Unspecified</pose>
		<truncated>0</truncated>
		<difficult>0</difficult>
		<bndbox>
			<xmin>211</xmin>
			<ymin>409</ymin>
			<xmax>400</xmax>
			<ymax>462</ymax>
		</bndbox>
	</object>
</annotation>
