<annotation>
	<folder>plates</folder>
	<filename>49.jpeg</filename>
	<path>/Users/gouda/Documents/plates/49.jpeg</path>
	<source>
		<database>Unknown</database>
	</source>
	<size>
		<width>720</width>
		<height>960</height>
		<depth>3</depth>
	</size>
	<segmented>0</segmented>
	<object>
		<name>plate</name>
		<pose>Unspecified</pose>
		<truncated>0</truncated>
		<difficult>0</difficult>
		<bndbox>
			<xmin>237</xmin>
			<ymin>352</ymin>
			<xmax>489</xmax>
			<ymax>406</ymax>
		</bndbox>
	</object>
</annotation>
