<annotation>
	<folder>plates</folder>
	<filename>52.jpeg</filename>
	<path>/Users/gouda/Documents/plates/52.jpeg</path>
	<source>
		<database>Unknown</database>
	</source>
	<size>
		<width>1536</width>
		<height>2048</height>
		<depth>3</depth>
	</size>
	<segmented>0</segmented>
	<object>
		<name>plate</name>
		<pose>Unspecified</pose>
		<truncated>0</truncated>
		<difficult>0</difficult>
		<bndbox>
			<xmin>465</xmin>
			<ymin>866</ymin>
			<xmax>687</xmax>
			<ymax>939</ymax>
		</bndbox>
	</object>
	<object>
		<name>plate</name>
		<pose>Unspecified</pose>
		<truncated>0</truncated>
		<difficult>0</difficult>
		<bndbox>
			<xmin>1087</xmin>
			<ymin>894</ymin>
			<xmax>1209</xmax>
			<ymax>939</ymax>
		</bndbox>
	</object>
</annotation>
