<annotation>
	<folder>plates</folder>
	<filename>53.jpeg</filename>
	<path>/Users/gouda/Documents/plates/53.jpeg</path>
	<source>
		<database>Unknown</database>
	</source>
	<size>
		<width>2048</width>
		<height>1536</height>
		<depth>3</depth>
	</size>
	<segmented>0</segmented>
	<object>
		<name>plate</name>
		<pose>Unspecified</pose>
		<truncated>0</truncated>
		<difficult>0</difficult>
		<bndbox>
			<xmin>176</xmin>
			<ymin>889</ymin>
			<xmax>478</xmax>
			<ymax>979</ymax>
		</bndbox>
	</object>
	<object>
		<name>plate</name>
		<pose>Unspecified</pose>
		<truncated>0</truncated>
		<difficult>0</difficult>
		<bndbox>
			<xmin>1640</xmin>
			<ymin>877</ymin>
			<xmax>1895</xmax>
			<ymax>952</ymax>
		</bndbox>
	</object>
</annotation>
