<annotation>
	<folder>plates</folder>
	<filename>55.jpeg</filename>
	<path>/Users/gouda/Documents/plates/55.jpeg</path>
	<source>
		<database>Unknown</database>
	</source>
	<size>
		<width>2048</width>
		<height>1280</height>
		<depth>3</depth>
	</size>
	<segmented>0</segmented>
	<object>
		<name>plate</name>
		<pose>Unspecified</pose>
		<truncated>0</truncated>
		<difficult>0</difficult>
		<bndbox>
			<xmin>733</xmin>
			<ymin>789</ymin>
			<xmax>894</xmax>
			<ymax>824</ymax>
		</bndbox>
	</object>
</annotation>
