<annotation>
	<folder>plates</folder>
	<filename>57.jpeg</filename>
	<path>/Users/gouda/Documents/plates/57.jpeg</path>
	<source>
		<database>Unknown</database>
	</source>
	<size>
		<width>922</width>
		<height>2048</height>
		<depth>3</depth>
	</size>
	<segmented>0</segmented>
	<object>
		<name>plate</name>
		<pose>Unspecified</pose>
		<truncated>0</truncated>
		<difficult>0</difficult>
		<bndbox>
			<xmin>616</xmin>
			<ymin>1111</ymin>
			<xmax>811</xmax>
			<ymax>1291</ymax>
		</bndbox>
	</object>
</annotation>
