<annotation>
	<folder>plates</folder>
	<filename>58.jpeg</filename>
	<path>/Users/gouda/Documents/plates/58.jpeg</path>
	<source>
		<database>Unknown</database>
	</source>
	<size>
		<width>922</width>
		<height>2048</height>
		<depth>3</depth>
	</size>
	<segmented>0</segmented>
	<object>
		<name>plate</name>
		<pose>Unspecified</pose>
		<truncated>0</truncated>
		<difficult>0</difficult>
		<bndbox>
			<xmin>369</xmin>
			<ymin>1086</ymin>
			<xmax>630</xmax>
			<ymax>1139</ymax>
		</bndbox>
	</object>
</annotation>
