<annotation>
	<folder>plates</folder>
	<filename>70.jpeg</filename>
	<path>/Users/gouda/Documents/plates/70.jpeg</path>
	<source>
		<database>Unknown</database>
	</source>
	<size>
		<width>750</width>
		<height>1334</height>
		<depth>3</depth>
	</size>
	<segmented>0</segmented>
	<object>
		<name>plate</name>
		<pose>Unspecified</pose>
		<truncated>0</truncated>
		<difficult>0</difficult>
		<bndbox>
			<xmin>516</xmin>
			<ymin>627</ymin>
			<xmax>585</xmax>
			<ymax>668</ymax>
		</bndbox>
	</object>
	<object>
		<name>plate</name>
		<pose>Unspecified</pose>
		<truncated>0</truncated>
		<difficult>0</difficult>
		<bndbox>
			<xmin>210</xmin>
			<ymin>552</ymin>
			<xmax>280</xmax>
			<ymax>584</ymax>
		</bndbox>
	</object>
</annotation>
