<annotation>
	<folder>plates</folder>
	<filename>81.jpeg</filename>
	<path>/Users/gouda/Documents/plates/81.jpeg</path>
	<source>
		<database>Unknown</database>
	</source>
	<size>
		<width>720</width>
		<height>1280</height>
		<depth>3</depth>
	</size>
	<segmented>0</segmented>
	<object>
		<name>plate</name>
		<pose>Unspecified</pose>
		<truncated>0</truncated>
		<difficult>0</difficult>
		<bndbox>
			<xmin>358</xmin>
			<ymin>311</ymin>
			<xmax>427</xmax>
			<ymax>337</ymax>
		</bndbox>
	</object>
</annotation>
