<annotation>
	<folder>plates</folder>
	<filename>9.jpeg</filename>
	<path>/Users/gouda/Documents/plates/9.jpeg</path>
	<source>
		<database>Unknown</database>
	</source>
	<size>
		<width>1536</width>
		<height>2048</height>
		<depth>3</depth>
	</size>
	<segmented>0</segmented>
	<object>
		<name>plate</name>
		<pose>Unspecified</pose>
		<truncated>0</truncated>
		<difficult>0</difficult>
		<bndbox>
			<xmin>668</xmin>
			<ymin>1111</ymin>
			<xmax>790</xmax>
			<ymax>1139</ymax>
		</bndbox>
	</object>
</annotation>
