<annotation>
	<folder>plates</folder>
	<filename>98.jpeg</filename>
	<path>/Users/gouda/Documents/plates/98.jpeg</path>
	<source>
		<database>Unknown</database>
	</source>
	<size>
		<width>750</width>
		<height>442</height>
		<depth>3</depth>
	</size>
	<segmented>0</segmented>
	<object>
		<name>plate</name>
		<pose>Unspecified</pose>
		<truncated>0</truncated>
		<difficult>0</difficult>
		<bndbox>
			<xmin>310</xmin>
			<ymin>217</ymin>
			<xmax>364</xmax>
			<ymax>230</ymax>
		</bndbox>
	</object>
</annotation>
