<annotation>
	<folder>plates</folder>
	<filename>11.jpeg</filename>
	<path>/Users/gouda/Documents/plates/11.jpeg</path>
	<source>
		<database>Unknown</database>
	</source>
	<size>
		<width>2048</width>
		<height>1358</height>
		<depth>3</depth>
	</size>
	<segmented>0</segmented>
	<object>
		<name>plate</name>
		<pose>Unspecified</pose>
		<truncated>0</truncated>
		<difficult>0</difficult>
		<bndbox>
			<xmin>1435</xmin>
			<ymin>769</ymin>
			<xmax>1729</xmax>
			<ymax>893</ymax>
		</bndbox>
	</object>
</annotation>
