<annotation>
	<folder>plates</folder>
	<filename>12.jpeg</filename>
	<path>/Users/gouda/Documents/plates/12.jpeg</path>
	<source>
		<database>Unknown</database>
	</source>
	<size>
		<width>960</width>
		<height>648</height>
		<depth>3</depth>
	</size>
	<segmented>0</segmented>
	<object>
		<name>plate</name>
		<pose>Unspecified</pose>
		<truncated>0</truncated>
		<difficult>0</difficult>
		<bndbox>
			<xmin>236</xmin>
			<ymin>499</ymin>
			<xmax>463</xmax>
			<ymax>559</ymax>
		</bndbox>
	</object>
</annotation>
