<annotation>
	<folder>plates</folder>
	<filename>16.jpeg</filename>
	<path>/Users/gouda/Documents/plates/16.jpeg</path>
	<source>
		<database>Unknown</database>
	</source>
	<size>
		<width>720</width>
		<height>1280</height>
		<depth>3</depth>
	</size>
	<segmented>0</segmented>
	<object>
		<name>plate</name>
		<pose>Unspecified</pose>
		<truncated>0</truncated>
		<difficult>0</difficult>
		<bndbox>
			<xmin>115</xmin>
			<ymin>521</ymin>
			<xmax>201</xmax>
			<ymax>565</ymax>
		</bndbox>
	</object>
</annotation>
