<annotation>
	<folder>plates</folder>
	<filename>18.jpeg</filename>
	<path>/Users/gouda/Documents/plates/18.jpeg</path>
	<source>
		<database>Unknown</database>
	</source>
	<size>
		<width>1536</width>
		<height>2048</height>
		<depth>3</depth>
	</size>
	<segmented>0</segmented>
	<object>
		<name>plate</name>
		<pose>Unspecified</pose>
		<truncated>0</truncated>
		<difficult>0</difficult>
		<bndbox>
			<xmin>545</xmin>
			<ymin>1005</ymin>
			<xmax>737</xmax>
			<ymax>1055</ymax>
		</bndbox>
	</object>
</annotation>
