<annotation>
	<folder>plates</folder>
	<filename>20.jpeg</filename>
	<path>/Users/gouda/Documents/plates/20.jpeg</path>
	<source>
		<database>Unknown</database>
	</source>
	<size>
		<width>1536</width>
		<height>2048</height>
		<depth>3</depth>
	</size>
	<segmented>0</segmented>
	<object>
		<name>plate</name>
		<pose>Unspecified</pose>
		<truncated>0</truncated>
		<difficult>0</difficult>
		<bndbox>
			<xmin>648</xmin>
			<ymin>839</ymin>
			<xmax>787</xmax>
			<ymax>908</ymax>
		</bndbox>
	</object>
</annotation>
