<annotation>
	<folder>plates</folder>
	<filename>28.jpeg</filename>
	<path>/Users/gouda/Documents/plates/28.jpeg</path>
	<source>
		<database>Unknown</database>
	</source>
	<size>
		<width>1536</width>
		<height>2048</height>
		<depth>3</depth>
	</size>
	<segmented>0</segmented>
	<object>
		<name>plate</name>
		<pose>Unspecified</pose>
		<truncated>0</truncated>
		<difficult>0</difficult>
		<bndbox>
			<xmin>620</xmin>
			<ymin>1053</ymin>
			<xmax>770</xmax>
			<ymax>1208</ymax>
		</bndbox>
	</object>
	<object>
		<name>plate</name>
		<pose>Unspecified</pose>
		<truncated>0</truncated>
		<difficult>0</difficult>
		<bndbox>
			<xmin>1290</xmin>
			<ymin>189</ymin>
			<xmax>1487</xmax>
			<ymax>391</ymax>
		</bndbox>
	</object>
</annotation>
