<annotation>
	<folder>plates</folder>
	<filename>30.jpeg</filename>
	<path>/Users/gouda/Documents/plates/30.jpeg</path>
	<source>
		<database>Unknown</database>
	</source>
	<size>
		<width>750</width>
		<height>1334</height>
		<depth>3</depth>
	</size>
	<segmented>0</segmented>
	<object>
		<name>plate</name>
		<pose>Unspecified</pose>
		<truncated>0</truncated>
		<difficult>0</difficult>
		<bndbox>
			<xmin>502</xmin>
			<ymin>734</ymin>
			<xmax>587</xmax>
			<ymax>766</ymax>
		</bndbox>
	</object>
</annotation>
