<annotation>
	<folder>plates</folder>
	<filename>34.jpeg</filename>
	<path>/Users/gouda/Documents/plates/34.jpeg</path>
	<source>
		<database>Unknown</database>
	</source>
	<size>
		<width>946</width>
		<height>2048</height>
		<depth>3</depth>
	</size>
	<segmented>0</segmented>
	<object>
		<name>plate</name>
		<pose>Unspecified</pose>
		<truncated>0</truncated>
		<difficult>0</difficult>
		<bndbox>
			<xmin>211</xmin>
			<ymin>516</ymin>
			<xmax>517</xmax>
			<ymax>666</ymax>
		</bndbox>
	</object>
</annotation>
