<annotation>
	<folder>plates</folder>
	<filename>43.jpeg</filename>
	<path>/Users/gouda/Documents/plates/43.jpeg</path>
	<source>
		<database>Unknown</database>
	</source>
	<size>
		<width>960</width>
		<height>1792</height>
		<depth>3</depth>
	</size>
	<segmented>0</segmented>
	<object>
		<name>plate</name>
		<pose>Unspecified</pose>
		<truncated>0</truncated>
		<difficult>0</difficult>
		<bndbox>
			<xmin>451</xmin>
			<ymin>187</ymin>
			<xmax>627</xmax>
			<ymax>246</ymax>
		</bndbox>
	</object>
</annotation>
