<annotation>
	<folder>plates</folder>
	<filename>45.jpeg</filename>
	<path>/Users/gouda/Documents/plates/45.jpeg</path>
	<source>
		<database>Unknown</database>
	</source>
	<size>
		<width>946</width>
		<height>2048</height>
		<depth>3</depth>
	</size>
	<segmented>0</segmented>
	<object>
		<name>plate</name>
		<pose>Unspecified</pose>
		<truncated>0</truncated>
		<difficult>0</difficult>
		<bndbox>
			<xmin>184</xmin>
			<ymin>766</ymin>
			<xmax>289</xmax>
			<ymax>805</ymax>
		</bndbox>
	</object>
</annotation>
