<annotation>
	<folder>plates</folder>
	<filename>47.jpeg</filename>
	<path>/Users/gouda/Documents/plates/47.jpeg</path>
	<source>
		<database>Unknown</database>
	</source>
	<size>
		<width>1536</width>
		<height>2048</height>
		<depth>3</depth>
	</size>
	<segmented>0</segmented>
	<object>
		<name>plate</name>
		<pose>Unspecified</pose>
		<truncated>0</truncated>
		<difficult>0</difficult>
		<bndbox>
			<xmin>1040</xmin>
			<ymin>991</ymin>
			<xmax>1123</xmax>
			<ymax>1025</ymax>
		</bndbox>
	</object>
</annotation>
