<annotation>
	<folder>plates</folder>
	<filename>54.jpeg</filename>
	<path>/Users/gouda/Documents/plates/54.jpeg</path>
	<source>
		<database>Unknown</database>
	</source>
	<size>
		<width>640</width>
		<height>1389</height>
		<depth>3</depth>
	</size>
	<segmented>0</segmented>
	<object>
		<name>plate</name>
		<pose>Unspecified</pose>
		<truncated>0</truncated>
		<difficult>0</difficult>
		<bndbox>
			<xmin>232</xmin>
			<ymin>524</ymin>
			<xmax>369</xmax>
			<ymax>571</ymax>
		</bndbox>
	</object>
</annotation>
