<annotation>
	<folder>plates</folder>
	<filename>60.jpeg</filename>
	<path>/Users/gouda/Documents/plates/60.jpeg</path>
	<source>
		<database>Unknown</database>
	</source>
	<size>
		<width>924</width>
		<height>2048</height>
		<depth>3</depth>
	</size>
	<segmented>0</segmented>
	<object>
		<name>plate</name>
		<pose>Unspecified</pose>
		<truncated>0</truncated>
		<difficult>0</difficult>
		<bndbox>
			<xmin>367</xmin>
			<ymin>886</ymin>
			<xmax>631</xmax>
			<ymax>969</ymax>
		</bndbox>
	</object>
</annotation>
