<annotation>
	<folder>plates</folder>
	<filename>62.jpeg</filename>
	<path>/Users/gouda/Documents/plates/62.jpeg</path>
	<source>
		<database>Unknown</database>
	</source>
	<size>
		<width>1793</width>
		<height>1345</height>
		<depth>3</depth>
	</size>
	<segmented>0</segmented>
	<object>
		<name>plate</name>
		<pose>Unspecified</pose>
		<truncated>0</truncated>
		<difficult>0</difficult>
		<bndbox>
			<xmin>690</xmin>
			<ymin>492</ymin>
			<xmax>910</xmax>
			<ymax>582</ymax>
		</bndbox>
	</object>
</annotation>
