<annotation>
	<folder>plates</folder>
	<filename>67.jpeg</filename>
	<path>/Users/gouda/Documents/plates/67.jpeg</path>
	<source>
		<database>Unknown</database>
	</source>
	<size>
		<width>1536</width>
		<height>2048</height>
		<depth>3</depth>
	</size>
	<segmented>0</segmented>
	<object>
		<name>plate</name>
		<pose>Unspecified</pose>
		<truncated>0</truncated>
		<difficult>0</difficult>
		<bndbox>
			<xmin>559</xmin>
			<ymin>1500</ymin>
			<xmax>704</xmax>
			<ymax>1541</ymax>
		</bndbox>
	</object>
	<object>
		<name>plate</name>
		<pose>Unspecified</pose>
		<truncated>0</truncated>
		<difficult>0</difficult>
		<bndbox>
			<xmin>56</xmin>
			<ymin>1344</ymin>
			<xmax>176</xmax>
			<ymax>1378</ymax>
		</bndbox>
	</object>
	<object>
		<name>plate</name>
		<pose>Unspecified</pose>
		<truncated>0</truncated>
		<difficult>0</difficult>
		<bndbox>
			<xmin>1312</xmin>
			<ymin>1350</ymin>
			<xmax>1390</xmax>
			<ymax>1372</ymax>
		</bndbox>
	</object>
</annotation>
