<annotation>
	<folder>plates</folder>
	<filename>68.jpeg</filename>
	<path>/Users/gouda/Documents/plates/68.jpeg</path>
	<source>
		<database>Unknown</database>
	</source>
	<size>
		<width>2048</width>
		<height>1536</height>
		<depth>3</depth>
	</size>
	<segmented>0</segmented>
	<object>
		<name>plate</name>
		<pose>Unspecified</pose>
		<truncated>0</truncated>
		<difficult>0</difficult>
		<bndbox>
			<xmin>1493</xmin>
			<ymin>946</ymin>
			<xmax>1881</xmax>
			<ymax>1048</ymax>
		</bndbox>
	</object>
	<object>
		<name>plate</name>
		<pose>Unspecified</pose>
		<truncated>0</truncated>
		<difficult>0</difficult>
		<bndbox>
			<xmin>232</xmin>
			<ymin>511</ymin>
			<xmax>403</xmax>
			<ymax>558</ymax>
		</bndbox>
	</object>
</annotation>
