<annotation>
	<folder>plates</folder>
	<filename>71.jpeg</filename>
	<path>/Users/gouda/Documents/plates/71.jpeg</path>
	<source>
		<database>Unknown</database>
	</source>
	<size>
		<width>828</width>
		<height>1792</height>
		<depth>3</depth>
	</size>
	<segmented>0</segmented>
	<object>
		<name>plate</name>
		<pose>Unspecified</pose>
		<truncated>0</truncated>
		<difficult>0</difficult>
		<bndbox>
			<xmin>480</xmin>
			<ymin>725</ymin>
			<xmax>592</xmax>
			<ymax>754</ymax>
		</bndbox>
	</object>
</annotation>
