<annotation>
	<folder>plates</folder>
	<filename>73.jpeg</filename>
	<path>/Users/gouda/Documents/plates/73.jpeg</path>
	<source>
		<database>Unknown</database>
	</source>
	<size>
		<width>1536</width>
		<height>2048</height>
		<depth>3</depth>
	</size>
	<segmented>0</segmented>
	<object>
		<name>plate</name>
		<pose>Unspecified</pose>
		<truncated>0</truncated>
		<difficult>0</difficult>
		<bndbox>
			<xmin>770</xmin>
			<ymin>1075</ymin>
			<xmax>862</xmax>
			<ymax>1119</ymax>
		</bndbox>
	</object>
</annotation>
