<annotation>
	<folder>plates</folder>
	<filename>74.jpeg</filename>
	<path>/Users/gouda/Documents/plates/74.jpeg</path>
	<source>
		<database>Unknown</database>
	</source>
	<size>
		<width>879</width>
		<height>1172</height>
		<depth>3</depth>
	</size>
	<segmented>0</segmented>
	<object>
		<name>plate</name>
		<pose>Unspecified</pose>
		<truncated>0</truncated>
		<difficult>0</difficult>
		<bndbox>
			<xmin>261</xmin>
			<ymin>353</ymin>
			<xmax>493</xmax>
			<ymax>403</ymax>
		</bndbox>
	</object>
</annotation>
