<annotation>
	<folder>plates</folder>
	<filename>80.jpeg</filename>
	<path>/Users/gouda/Documents/plates/80.jpeg</path>
	<source>
		<database>Unknown</database>
	</source>
	<size>
		<width>2048</width>
		<height>1153</height>
		<depth>3</depth>
	</size>
	<segmented>0</segmented>
	<object>
		<name>plate</name>
		<pose>Unspecified</pose>
		<truncated>0</truncated>
		<difficult>0</difficult>
		<bndbox>
			<xmin>612</xmin>
			<ymin>359</ymin>
			<xmax>739</xmax>
			<ymax>471</ymax>
		</bndbox>
	</object>
</annotation>
