<annotation>
	<folder>plates</folder>
	<filename>82.jpeg</filename>
	<path>/Users/gouda/Documents/plates/82.jpeg</path>
	<source>
		<database>Unknown</database>
	</source>
	<size>
		<width>813</width>
		<height>889</height>
		<depth>3</depth>
	</size>
	<segmented>0</segmented>
	<object>
		<name>plate</name>
		<pose>Unspecified</pose>
		<truncated>0</truncated>
		<difficult>0</difficult>
		<bndbox>
			<xmin>409</xmin>
			<ymin>425</ymin>
			<xmax>583</xmax>
			<ymax>476</ymax>
		</bndbox>
	</object>
</annotation>
