<annotation>
	<folder>plates</folder>
	<filename>83.jpeg</filename>
	<path>/Users/gouda/Documents/plates/83.jpeg</path>
	<source>
		<database>Unknown</database>
	</source>
	<size>
		<width>772</width>
		<height>1372</height>
		<depth>3</depth>
	</size>
	<segmented>0</segmented>
	<object>
		<name>plate</name>
		<pose>Unspecified</pose>
		<truncated>0</truncated>
		<difficult>0</difficult>
		<bndbox>
			<xmin>344</xmin>
			<ymin>441</ymin>
			<xmax>533</xmax>
			<ymax>488</ymax>
		</bndbox>
	</object>
</annotation>
