<annotation>
	<folder>plates</folder>
	<filename>84.jpeg</filename>
	<path>/Users/gouda/Documents/plates/84.jpeg</path>
	<source>
		<database>Unknown</database>
	</source>
	<size>
		<width>759</width>
		<height>553</height>
		<depth>3</depth>
	</size>
	<segmented>0</segmented>
	<object>
		<name>plate</name>
		<pose>Unspecified</pose>
		<truncated>0</truncated>
		<difficult>0</difficult>
		<bndbox>
			<xmin>428</xmin>
			<ymin>153</ymin>
			<xmax>543</xmax>
			<ymax>183</ymax>
		</bndbox>
	</object>
</annotation>
