<annotation>
	<folder>plates</folder>
	<filename>87.jpeg</filename>
	<path>/Users/gouda/Documents/plates/87.jpeg</path>
	<source>
		<database>Unknown</database>
	</source>
	<size>
		<width>1536</width>
		<height>2048</height>
		<depth>3</depth>
	</size>
	<segmented>0</segmented>
	<object>
		<name>plate</name>
		<pose>Unspecified</pose>
		<truncated>0</truncated>
		<difficult>0</difficult>
		<bndbox>
			<xmin>840</xmin>
			<ymin>1050</ymin>
			<xmax>962</xmax>
			<ymax>1083</ymax>
		</bndbox>
	</object>
	<object>
		<name>plate</name>
		<pose>Unspecified</pose>
		<truncated>1</truncated>
		<difficult>0</difficult>
		<bndbox>
			<xmin>1</xmin>
			<ymin>1039</ymin>
			<xmax>118</xmax>
			<ymax>1066</ymax>
		</bndbox>
	</object>
</annotation>
