<annotation>
	<folder>plates</folder>
	<filename>88.jpeg</filename>
	<path>/Users/gouda/Documents/plates/88.jpeg</path>
	<source>
		<database>Unknown</database>
	</source>
	<size>
		<width>1114</width>
		<height>2048</height>
		<depth>3</depth>
	</size>
	<segmented>0</segmented>
	<object>
		<name>plate</name>
		<pose>Unspecified</pose>
		<truncated>0</truncated>
		<difficult>0</difficult>
		<bndbox>
			<xmin>437</xmin>
			<ymin>975</ymin>
			<xmax>609</xmax>
			<ymax>1022</ymax>
		</bndbox>
	</object>
</annotation>
