<annotation>
	<folder>plates</folder>
	<filename>97.jpeg</filename>
	<path>/Users/gouda/Documents/plates/97.jpeg</path>
	<source>
		<database>Unknown</database>
	</source>
	<size>
		<width>884</width>
		<height>1179</height>
		<depth>3</depth>
	</size>
	<segmented>0</segmented>
	<object>
		<name>plate</name>
		<pose>Unspecified</pose>
		<truncated>0</truncated>
		<difficult>0</difficult>
		<bndbox>
			<xmin>331</xmin>
			<ymin>495</ymin>
			<xmax>495</xmax>
			<ymax>542</ymax>
		</bndbox>
	</object>
</annotation>
